id,gtld,whois_server
1,aarp,whois.nic.aarp
2,abarth,whois.afilias-srs.net
3,abbott,whois.afilias-srs.net
4,abbvie,whois.afilias-srs.net
5,abc,whois.nic.abc
6,abogado,whois.nic.abogado
7,abudhabi,whois.nic.abudhabi
8,ac,whois.nic.ac
9,academy,whois.nic.academy
10,accountant,whois.nic.accountant
11,accountants,whois.nic.accountants
12,aco,whois.nic.aco
13,actor,whois.nic.actor
14,adac,whois.nic.adac
15,ads,whois.nic.google
16,adult,whois.registrar.adult
17,ae,whois.aeda.net.ae
18,aeg,whois.nic.aeg
19,aero,whois.aero
20,af,whois.nic.af
21,afamilycompany,whois.nic.afamilycompany
22,afl,whois.nic.afl
23,africa,africa-whois.registry.net.za
24,ag,whois.nic.ag
25,agakhan,whois.afilias-srs.net
26,agency,whois.nic.agency
27,ai,whois.nic.ai
28,airbus,whois.nic.airbus
29,airforce,whois.nic.airforce
30,airtel,whois.nic.airtel
31,akdn,whois.afilias-srs.net
32,alfaromeo,whois.afilias-srs.net
33,alibaba,whois.nic.alibaba
34,alipay,whois.nic.alipay
35,allfinanz,whois.nic.allfinanz
36,allstate,whois.afilias-srs.net
37,ally,whois.nic.ally
38,alsace,whois-alsace.nic.fr
39,alstom,whois.nic.alstom
40,am,whois.amnic.net
41,amazon,whois.nic.amazon
42,americanfamily,whois.nic.americanfamily
43,amfam,whois.nic.amfam
44,amsterdam,whois.nic.amsterdam
45,android,whois.nic.google
46,anquan,whois.teleinfo.cn
47,anz,whois.nic.anz
48,aol,whois.nic.aol
49,apartments,whois.nic.apartments
50,app,whois.nic.google
51,apple,whois.afilias-srs.net
52,aquarelle,whois.nic.aquarelle
53,ar,whois.nic.ar
54,arab,whois.nic.arab
55,archi,whois.afilias.net
56,army,whois.nic.army
57,arpa,whois.iana.org
58,art,whois.nic.art
59,arte,whois.nic.arte
60,as,whois.nic.as
61,asda,whois.nic.asda
62,asia,whois.nic.asia
63,associates,whois.nic.associates
64,at,whois.nic.at
65,attorney,whois.nic.attorney
66,au,whois.auda.org.au
67,auction,whois.nic.auction
68,audi,whois.afilias-srs.net
69,audible,whois.nic.audible
70,audio,whois.uniregistry.net
71,auspost,whois.nic.auspost
72,author,whois.nic.author
73,auto,whois.nic.auto
74,autos,whois.afilias-srs.net
75,avianca,whois.afilias-srs.net
76,aw,whois.nic.aw
77,aws,whois.nic.aws
78,ax,whois.ax
79,baby,whois.nic.baby
80,baidu,whois.gtld.knet.cn
81,band,whois.nic.band
82,bank,whois.nic.bank
83,bar,whois.nic.bar
84,barcelona,whois.nic.barcelona
85,barclaycard,whois.nic.barclaycard
86,barclays,whois.nic.barclays
87,barefoot,whois.nic.barefoot
88,bargains,whois.nic.bargains
89,basketball,whois.nic.basketball
90,bauhaus,whois.nic.bauhaus
91,bayern,whois.nic.bayern
92,bbc,whois.nic.bbc
93,bbt,whois.nic.bbt
94,bbva,whois.nic.bbva
95,bcg,whois.nic.bcg
96,bcn,whois.nic.bcn
97,be,whois.dns.be
98,beats,whois.afilias-srs.net
99,beauty,whois.nic.beauty
100,beer,whois.nic.beer
101,bentley,whois.nic.bentley
102,berlin,whois.nic.berlin
103,best,whois.nic.best
104,bestbuy,whois.nic.bestbuy
105,bet,whois.afilias.net
106,bg,whois.register.bg
107,bi,whois1.nic.bi
108,bible,whois.nic.bible
109,bid,whois.nic.bid
110,bike,whois.nic.bike
111,bingo,whois.nic.bingo
112,bio,whois.afilias.net
113,biz,whois.nic.biz
114,bj,whois.nic.bj
115,black,whois.afilias.net
116,blackfriday,whois.uniregistry.net
117,blockbuster,whois.nic.blockbuster
118,blog,whois.nic.blog
119,blue,whois.afilias.net
120,bms,whois.nic.bms
121,bmw,whois.nic.bmw
122,bn,whois.bnnic.bn
123,bnpparibas,whois.afilias-srs.net
124,bo,whois.nic.bo
125,boats,whois.afilias-srs.net
126,boehringer,whois.afilias-srs.net
127,bofa,whois.nic.bofa
128,bom,whois.gtlds.nic.br
129,bond,whois.nic.bond
130,boo,whois.nic.google
131,book,whois.nic.book
132,bosch,whois.nic.bosch
133,bostik,whois.nic.bostik
134,boston,whois.nic.boston
135,bot,whois.nic.bot
136,boutique,whois.nic.boutique
137,box,whois.nic.box
138,br,whois.registro.br
139,bradesco,whois.nic.bradesco
140,bridgestone,whois.nic.bridgestone
141,broadway,whois.nic.broadway
142,broker,whois.nic.broker
143,brother,whois.nic.brother
144,brussels,whois.nic.brussels
145,budapest,whois.nic.budapest
146,bugatti,whois.afilias-srs.net
147,build,whois.nic.build
148,builders,whois.nic.builders
149,business,whois.nic.business
150,buy,whois.nic.buy
151,bw,whois.nic.net.bw
152,by,whois.cctld.by
153,bzh,whois.nic.bzh
154,ca,whois.cira.ca
155,cab,whois.nic.cab
156,cafe,whois.nic.cafe
157,cal,whois.nic.google
158,call,whois.nic.call
159,cam,whois.nic.cam
160,camera,whois.nic.camera
161,camp,whois.nic.camp
162,cancerresearch,whois.nic.cancerresearch
163,canon,whois.nic.canon
164,capetown,capetown-whois.registry.net.za
165,capital,whois.nic.capital
166,capitalone,whois.nic.capitalone
167,car,whois.nic.car
168,cards,whois.nic.cards
169,care,whois.nic.care
170,career,whois.nic.career
171,careers,whois.nic.careers
172,cars,whois.nic.cars
173,casa,whois.nic.casa
174,case,whois.nic.case
175,caseih,whois.nic.caseih
176,cash,whois.nic.cash
177,casino,whois.nic.casino
178,cat,whois.nic.cat
179,catering,whois.nic.catering
180,catholic,whois.nic.catholic
181,cba,whois.nic.cba
182,cbs,whois.afilias-srs.net
183,cc,ccwhois.verisign-grs.com
184,center,whois.nic.center
185,ceo,whois.nic.ceo
186,cern,whois.afilias-srs.net
187,cf,whois.dot.cf
188,cfa,whois.nic.cfa
189,cfd,whois.nic.cfd
190,ch,whois.nic.ch
191,chanel,whois.nic.chanel
192,channel,whois.nic.google
193,charity,whois.nic.charity
194,chat,whois.nic.chat
195,cheap,whois.nic.cheap
196,chintai,whois.nic.chintai
197,christmas,whois.uniregistry.net
198,chrome,whois.nic.google
199,church,whois.nic.church
200,ci,whois.nic.ci
201,cipriani,whois.afilias-srs.net
202,circle,whois.nic.circle
203,city,whois.nic.city
204,cityeats,whois.nic.cityeats
205,cl,whois.nic.cl
206,claims,whois.nic.claims
207,cleaning,whois.nic.cleaning
208,click,whois.uniregistry.net
209,clinic,whois.nic.clinic
210,clinique,whois.nic.clinique
211,clothing,whois.nic.clothing
212,cloud,whois.nic.cloud
213,club,whois.nic.club
214,clubmed,whois.nic.clubmed
215,cn,whois.cnnic.cn
216,co,whois.nic.co
217,coach,whois.nic.coach
218,codes,whois.nic.codes
219,coffee,whois.nic.coffee
220,college,whois.nic.college
221,cologne,whois.ryce-rsp.com
222,com,whois.verisign-grs.com
223,comcast,whois.nic.comcast
224,commbank,whois.nic.commbank
225,community,whois.nic.community
226,company,whois.nic.company
227,compare,whois.nic.compare
228,computer,whois.nic.computer
229,comsec,whois.nic.comsec
230,condos,whois.nic.condos
231,construction,whois.nic.construction
232,consulting,whois.nic.consulting
233,contact,whois.nic.contact
234,contractors,whois.nic.contractors
235,cooking,whois.nic.cooking
236,cookingchannel,whois.nic.cookingchannel
237,cool,whois.nic.cool
238,coop,whois.nic.coop
239,corsica,whois-corsica.nic.fr
240,country,whois.uniregistry.net
241,coupons,whois.nic.coupons
242,courses,whois.nic.courses
243,cpa,whois.nic.cpa
244,cr,whois.nic.cr
245,credit,whois.nic.credit
246,creditcard,whois.nic.creditcard
247,creditunion,whois.afilias-srs.net
248,cricket,whois.nic.cricket
249,cruise,whois.nic.cruise
250,cruises,whois.nic.cruises
251,csc,whois.nic.csc
252,cuisinella,whois.nic.cuisinella
253,cx,whois.nic.cx
254,cymru,whois.nic.cymru
255,cyou,whois.nic.cyou
256,cz,whois.nic.cz
257,dabur,whois.afilias-srs.net
258,dad,whois.nic.google
259,dance,whois.nic.dance
260,data,whois.nic.data
261,date,whois.nic.date
262,dating,whois.nic.dating
263,datsun,whois.nic.gmo
264,day,whois.nic.google
265,dclk,whois.nic.google
266,dds,whois.nic.dds
267,de,whois.denic.de
268,deal,whois.nic.deal
269,dealer,whois.nic.dealer
270,deals,whois.nic.deals
271,degree,whois.nic.degree
272,delivery,whois.nic.delivery
273,deloitte,whois.nic.deloitte
274,delta,whois.nic.delta
275,democrat,whois.nic.democrat
276,dental,whois.nic.dental
277,dentist,whois.nic.dentist
278,desi,whois.nic.desi
279,design,whois.nic.design
280,dev,whois.nic.google
281,diamonds,whois.nic.diamonds
282,diet,whois.uniregistry.net
283,digital,whois.nic.digital
284,direct,whois.nic.direct
285,directory,whois.nic.directory
286,discount,whois.nic.discount
287,dish,whois.nic.dish
288,diy,whois.nic.diy
289,dk,whois.dk-hostmaster.dk
290,dm,whois.nic.dm
291,dnp,whois.nic.dnp
292,do,whois.nic.do
293,docs,whois.nic.google
294,doctor,whois.nic.doctor
295,dog,whois.nic.dog
296,domains,whois.nic.domains
297,dot,whois.nic.dot
298,download,whois.nic.download
299,drive,whois.nic.google
300,dtv,whois.nic.dtv
301,dubai,whois.nic.dubai
302,duck,whois.nic.duck
303,dunlop,whois.nic.dunlop
304,durban,durban-whois.registry.net.za
305,dvag,whois.nic.dvag
306,dvr,whois.nic.dvr
307,dz,whois.nic.dz
308,earth,whois.nic.earth
309,eat,whois.nic.google
310,ec,whois.nic.ec
311,eco,whois.nic.eco
312,edeka,whois.afilias-srs.net
313,edu,whois.educause.edu
314,education,whois.nic.education
315,ee,whois.tld.ee
316,email,whois.nic.email
317,emerck,whois.afilias-srs.net
318,energy,whois.nic.energy
319,engineer,whois.nic.engineer
320,engineering,whois.nic.engineering
321,enterprises,whois.nic.enterprises
322,epson,whois.nic.epson
323,equipment,whois.nic.equipment
324,ericsson,whois.nic.ericsson
325,erni,whois.nic.erni
326,es,whois.nic.es
327,esq,whois.nic.google
328,estate,whois.nic.estate
329,etisalat,whois.centralnic.com
330,eu,whois.eu
331,eurovision,whois.nic.eurovision
332,eus,whois.nic.eus
333,events,whois.nic.events
334,exchange,whois.nic.exchange
335,expert,whois.nic.expert
336,exposed,whois.nic.exposed
337,express,whois.nic.express
338,extraspace,whois.afilias-srs.net
339,fage,whois.afilias-srs.net
340,fail,whois.nic.fail
341,fairwinds,whois.nic.fairwinds
342,faith,whois.nic.faith
343,family,whois.nic.family
344,fan,whois.nic.fan
345,fans,whois.nic.fans
346,farm,whois.nic.farm
347,fashion,whois.nic.fashion
348,fast,whois.nic.fast
349,fedex,whois.nic.fedex
350,feedback,whois.nic.feedback
351,ferrari,whois.nic.ferrari
352,fi,whois.fi
353,fiat,whois.afilias-srs.net
354,fidelity,whois.nic.fidelity
355,fido,whois.afilias-srs.net
356,film,whois.nic.film
357,final,whois.gtlds.nic.br
358,finance,whois.nic.finance
359,financial,whois.nic.financial
360,fire,whois.nic.fire
361,firestone,whois.nic.firestone
362,firmdale,whois.nic.firmdale
363,fish,whois.nic.fish
364,fishing,whois.nic.fishing
365,fit,whois.nic.fit
366,fitness,whois.nic.fitness
367,flights,whois.nic.flights
368,florist,whois.nic.florist
369,flowers,whois.uniregistry.net
370,fly,whois.nic.google
371,fo,whois.nic.fo
372,foo,whois.nic.google
373,foodnetwork,whois.nic.foodnetwork
374,football,whois.nic.football
375,forex,whois.nic.forex
376,forsale,whois.nic.forsale
377,forum,whois.nic.forum
378,foundation,whois.nic.foundation
379,fox,whois.nic.fox
380,fr,whois.nic.fr
381,free,whois.nic.free
382,fresenius,whois.nic.fresenius
383,frl,whois.nic.frl
384,frogans,whois.nic.frogans
385,frontdoor,whois.nic.frontdoor
386,fujitsu,whois.nic.gmo
387,fujixerox,whois.nic.fujixerox
388,fun,whois.nic.fun
389,fund,whois.nic.fund
390,furniture,whois.nic.furniture
391,futbol,whois.nic.futbol
392,fyi,whois.nic.fyi
393,gal,whois.nic.gal
394,gallery,whois.nic.gallery
395,gallo,whois.nic.gallo
396,gallup,whois.nic.gallup
397,game,whois.uniregistry.net
398,games,whois.nic.games
399,garden,whois.nic.garden
400,gay,whois.nic.gay
401,gbiz,whois.nic.google
402,gd,whois.nic.gd
403,gdn,whois.nic.gdn
404,ge,whois.nic.ge
405,gea,whois.nic.gea
406,gent,whois.nic.gent
407,genting,whois.nic.genting
408,george,whois.nic.george
409,gf,whois.mediaserv.net
410,gg,whois.gg
411,ggee,whois.nic.ggee
412,gi,whois2.afilias-grs.net
413,gift,whois.uniregistry.net
414,gifts,whois.nic.gifts
415,gives,whois.nic.gives
416,giving,whois.nic.giving
417,gl,whois.nic.gl
418,glade,whois.nic.glade
419,glass,whois.nic.glass
420,gle,whois.nic.google
421,global,whois.nic.global
422,globo,whois.gtlds.nic.br
423,gmail,whois.nic.google
424,gmbh,whois.nic.gmbh
425,gmo,whois.nic.gmo
426,gmx,whois.nic.gmx
427,godaddy,whois.afilias-srs.net
428,gold,whois.nic.gold
429,goldpoint,whois.nic.goldpoint
430,golf,whois.nic.golf
431,goo,whois.nic.gmo
432,goodyear,whois.nic.goodyear
433,goog,whois.nic.google
434,google,whois.nic.google
435,gop,whois.nic.gop
436,got,whois.nic.got
437,gov,whois.dotgov.gov
438,gp,whois.nic.gp
439,gq,whois.dominio.gq
440,graphics,whois.nic.graphics
441,gratis,whois.nic.gratis
442,green,whois.afilias.net
443,gripe,whois.nic.gripe
444,group,whois.nic.group
445,gs,whois.nic.gs
446,guge,whois.nic.google
447,guide,whois.nic.guide
448,guitars,whois.uniregistry.net
449,guru,whois.nic.guru
450,gy,whois.registry.gy
451,hair,whois.nic.hair
452,hamburg,whois.nic.hamburg
453,hangout,whois.nic.google
454,haus,whois.nic.haus
455,hdfc,whois.nic.hdfc
456,hdfcbank,whois.nic.hdfcbank
457,healthcare,whois.nic.healthcare
458,help,whois.uniregistry.net
459,helsinki,whois.nic.helsinki
460,here,whois.nic.google
461,hermes,whois.afilias-srs.net
462,hgtv,whois.nic.hgtv
463,hiphop,whois.uniregistry.net
464,hisamitsu,whois.nic.gmo
465,hitachi,whois.nic.gmo
466,hiv,whois.uniregistry.net
467,hk,whois.hkirc.hk
468,hkt,whois.nic.hkt
469,hm,whois.registry.hm
470,hn,whois.nic.hn
471,hockey,whois.nic.hockey
472,holdings,whois.nic.holdings
473,holiday,whois.nic.holiday
474,homedepot,whois.nic.homedepot
475,homes,whois.afilias-srs.net
476,honda,whois.nic.honda
477,horse,whois.nic.horse
478,hospital,whois.nic.hospital
479,host,whois.nic.host
480,hosting,whois.uniregistry.net
481,hot,whois.nic.hot
482,house,whois.nic.house
483,how,whois.nic.google
484,hr,whois.dns.hr
485,ht,whois.nic.ht
486,hu,whois.nic.hu
487,hughes,whois.nic.hughes
488,hyundai,whois.nic.hyundai
489,ibm,whois.nic.ibm
490,icbc,whois.nic.icbc
491,ice,whois.nic.ice
492,icu,whois.nic.icu
493,id,whois.id
494,ie,whois.weare.ie
495,ifm,whois.nic.ifm
496,ikano,whois.nic.ikano
497,il,whois.isoc.org.il
498,im,whois.nic.im
499,imamat,whois.afilias-srs.net
500,imdb,whois.nic.imdb
501,immo,whois.nic.immo
502,immobilien,whois.nic.immobilien
503,in,whois.registry.in
504,inc,whois.nic.inc
505,industries,whois.nic.industries
506,infiniti,whois.nic.gmo
507,info,whois.afilias.net
508,ing,whois.nic.google
509,ink,whois.nic.ink
510,institute,whois.nic.institute
511,insurance,whois.nic.insurance
512,insure,whois.nic.insure
513,int,whois.iana.org
514,international,whois.nic.international
515,investments,whois.nic.investments
516,io,whois.nic.io
517,iq,whois.cmc.iq
518,ir,whois.nic.ir
519,irish,whois.nic.irish
520,is,whois.isnic.is
521,ismaili,whois.afilias-srs.net
522,ist,whois.afilias-srs.net
523,istanbul,whois.afilias-srs.net
524,it,whois.nic.it
525,itv,whois.afilias-srs.net
526,iveco,whois.nic.iveco
527,jaguar,whois.nic.jaguar
528,java,whois.nic.java
529,jcb,whois.nic.gmo
530,je,whois.je
531,jeep,whois.afilias-srs.net
532,jetzt,whois.nic.jetzt
533,jewelry,whois.nic.jewelry
534,jio,whois.nic.jio
535,jll,whois.afilias-srs.net
536,jobs,whois.nic.jobs
537,joburg,joburg-whois.registry.net.za
538,jot,whois.nic.jot
539,joy,whois.nic.joy
540,jp,whois.jprs.jp
541,juegos,whois.uniregistry.net
542,juniper,whois.nic.juniper
543,kaufen,whois.nic.kaufen
544,kddi,whois.nic.kddi
545,ke,whois.kenic.or.ke
546,kerryhotels,whois.nic.kerryhotels
547,kerrylogistics,whois.nic.kerrylogistics
548,kerryproperties,whois.nic.kerryproperties
549,kfh,whois.nic.kfh
550,kg,whois.kg
551,ki,whois.nic.ki
552,kia,whois.nic.kia
553,kim,whois.afilias.net
554,kindle,whois.nic.kindle
555,kitchen,whois.nic.kitchen
556,kiwi,whois.nic.kiwi
557,kn,whois.nic.kn
558,koeln,whois.ryce-rsp.com
559,komatsu,whois.nic.komatsu
560,kosher,whois.nic.kosher
561,kr,whois.kr
562,krd,whois.nic.krd
563,kuokgroup,whois.nic.kuokgroup
564,ky,whois.kyregistry.ky
565,kyoto,whois.nic.kyoto
566,kz,whois.nic.kz
567,la,whois.nic.la
568,lacaixa,whois.nic.lacaixa
569,lamborghini,whois.afilias-srs.net
570,lamer,whois.nic.lamer
571,lancaster,whois.nic.lancaster
572,lancia,whois.afilias-srs.net
573,land,whois.nic.land
574,landrover,whois.nic.landrover
575,lasalle,whois.afilias-srs.net
576,lat,whois.nic.lat
577,latino,whois.nic.latino
578,latrobe,whois.nic.latrobe
579,law,whois.nic.law
580,lawyer,whois.nic.lawyer
581,lds,whois.nic.lds
582,lease,whois.nic.lease
583,leclerc,whois-leclerc.nic.fr
584,lefrak,whois.nic.lefrak
585,legal,whois.nic.legal
586,lego,whois.nic.lego
587,lexus,whois.nic.lexus
588,lgbt,whois.afilias.net
589,li,whois.nic.li
590,lidl,whois.nic.lidl
591,life,whois.nic.life
592,lifestyle,whois.nic.lifestyle
593,lighting,whois.nic.lighting
594,like,whois.nic.like
595,limited,whois.nic.limited
596,limo,whois.nic.limo
597,linde,whois.nic.linde
598,link,whois.uniregistry.net
599,lipsy,whois.nic.lipsy
600,live,whois.nic.live
601,lixil,whois.nic.lixil
602,llc,whois.afilias.net
603,llp,whois.uniregistry.net
604,loan,whois.nic.loan
605,loans,whois.nic.loans
606,locker,whois.nic.locker
607,locus,whois.nic.locus
608,lol,whois.uniregistry.net
609,london,whois.nic.london
610,lotte,whois.nic.lotte
611,lotto,whois.afilias.net
612,love,whois.nic.love
613,lpl,whois.nic.lpl
614,lplfinancial,whois.nic.lplfinancial
615,ls,whois.nic.ls
616,lt,whois.domreg.lt
617,ltd,whois.nic.ltd
618,ltda,whois.afilias-srs.net
619,lu,whois.dns.lu
620,lundbeck,whois.nic.lundbeck
621,luxe,whois.nic.luxe
622,luxury,whois.nic.luxury
623,lv,whois.nic.lv
624,ly,whois.nic.ly
625,ma,whois.registre.ma
626,macys,whois.nic.macys
627,madrid,whois.nic.madrid
628,maison,whois.nic.maison
629,makeup,whois.nic.makeup
630,man,whois.nic.man
631,management,whois.nic.management
632,mango,whois.nic.mango
633,map,whois.nic.google
634,market,whois.nic.market
635,marketing,whois.nic.marketing
636,markets,whois.nic.markets
637,marriott,whois.afilias-srs.net
638,maserati,whois.nic.maserati
639,mba,whois.nic.mba
640,mckinsey,whois.nic.mckinsey
641,md,whois.nic.md
642,me,whois.nic.me
643,med,whois.nic.med
644,media,whois.nic.media
645,meet,whois.nic.google
646,melbourne,whois.nic.melbourne
647,meme,whois.nic.google
648,memorial,whois.nic.memorial
649,men,whois.nic.men
650,menu,whois.nic.menu
651,mg,whois.nic.mg
652,miami,whois.nic.miami
653,mini,whois.nic.mini
654,mit,whois.afilias-srs.net
655,mitsubishi,whois.nic.gmo
656,mk,whois.marnet.mk
657,ml,whois.dot.ml
658,mls,whois.nic.mls
659,mm,whois.registry.gov.mm
660,mma,whois.nic.mma
661,mn,whois.nic.mn
662,mo,whois.monic.mo
663,mobi,whois.nic.mobi
664,mobile,whois.nic.mobile
665,moda,whois.nic.moda
666,moe,whois.nic.moe
667,moi,whois.nic.moi
668,mom,whois.uniregistry.net
669,monash,whois.nic.monash
670,money,whois.nic.money
671,monster,whois.nic.monster
672,mormon,whois.nic.mormon
673,mortgage,whois.nic.mortgage
674,moscow,whois.nic.moscow
675,motorcycles,whois.afilias-srs.net
676,mov,whois.nic.google
677,movie,whois.nic.movie
678,mp,whois.nic.mp
679,mq,whois.mediaserv.net
680,mr,whois.nic.mr
681,ms,whois.nic.ms
682,mtn,whois.nic.mtn
683,mtr,whois.nic.mtr
684,mu,whois.nic.mu
685,museum,whois.nic.museum
686,mw,whois.nic.mw
687,mx,whois.mx
688,my,whois.mynic.my
689,mz,whois.nic.mz
690,na,whois.na-nic.com.na
691,nab,whois.nic.nab
692,nagoya,whois.nic.nagoya
693,name,whois.nic.name
694,nationwide,whois.nic.nationwide
695,natura,whois.gtlds.nic.br
696,navy,whois.nic.navy
697,nc,whois.nc
698,nec,whois.nic.nec
699,net,whois.verisign-grs.com
700,netbank,whois.nic.netbank
701,network,whois.nic.network
702,new,whois.nic.google
703,newholland,whois.nic.newholland
704,news,whois.nic.news
705,next,whois.nic.next
706,nextdirect,whois.nic.nextdirect
707,nexus,whois.nic.google
708,nf,whois.nic.nf
709,ng,whois.nic.net.ng
710,ngo,whois.publicinterestregistry.net
711,nhk,whois.nic.nhk
712,nico,whois.nic.nico
713,nikon,whois.nic.nikon
714,ninja,whois.nic.ninja
715,nissan,whois.nic.gmo
716,nissay,whois.nic.nissay
717,nl,whois.domain-registry.nl
718,no,whois.norid.no
719,nokia,whois.afilias-srs.net
720,norton,whois.nic.norton
721,now,whois.nic.now
722,nowruz,whois.nic.nowruz
723,nowtv,whois.nic.nowtv
724,nra,whois.afilias-srs.net
725,nrw,whois.nic.nrw
726,nu,whois.iis.nu
727,nz,whois.srs.net.nz
728,obi,whois.nic.obi
729,observer,whois.nic.observer
730,off,whois.nic.off
731,okinawa,whois.nic.okinawa
732,olayan,whois.nic.olayan
733,olayangroup,whois.nic.olayangroup
734,ollo,whois.nic.ollo
735,om,whois.registry.om
736,omega,whois.nic.omega
737,one,whois.nic.one
738,ong,whois.publicinterestregistry.net
739,onl,whois.afilias-srs.net
740,online,whois.nic.online
741,onyourside,whois.nic.onyourside
742,ooo,whois.nic.ooo
743,oracle,whois.nic.oracle
744,orange,whois.nic.orange
745,org,whois.pir.org
746,organic,whois.afilias.net
747,origins,whois.nic.origins
748,osaka,whois.nic.osaka
749,otsuka,whois.nic.otsuka
750,ott,whois.nic.ott
751,ovh,whois-ovh.nic.fr
752,page,whois.nic.google
753,panasonic,whois.nic.gmo
754,paris,whois-paris.nic.fr
755,pars,whois.nic.pars
756,partners,whois.nic.partners
757,parts,whois.nic.parts
758,party,whois.nic.party
759,pay,whois.nic.pay
760,pccw,whois.nic.pccw
761,pe,kero.yachay.pe
762,pet,whois.afilias.net
763,pf,whois.registry.pf
764,pharmacy,whois.nic.pharmacy
765,phd,whois.nic.google
766,philips,whois.nic.philips
767,phone,whois.nic.phone
768,photo,whois.uniregistry.net
769,photography,whois.nic.photography
770,photos,whois.nic.photos
771,physio,whois.nic.physio
772,pics,whois.uniregistry.net
773,pictures,whois.nic.pictures
774,pid,whois.nic.pid
775,pin,whois.nic.pin
776,pink,whois.afilias.net
777,pioneer,whois.nic.gmo
778,pizza,whois.nic.pizza
779,pl,whois.dns.pl
780,place,whois.nic.place
781,play,whois.nic.google
782,playstation,whois.nic.playstation
783,plumbing,whois.nic.plumbing
784,plus,whois.nic.plus
785,pm,whois.nic.pm
786,pnc,whois.nic.pnc
787,pohl,whois.nic.pohl
788,poker,whois.afilias.net
789,politie,whois.nic.politie
790,porn,whois.registrar.adult
791,post,whois.dotpostregistry.net
792,pr,whois.afilias-srs.net
793,press,whois.nic.press
794,prime,whois.nic.prime
795,pro,whois.afilias.net
796,prod,whois.nic.google
797,productions,whois.nic.productions
798,prof,whois.nic.google
799,progressive,whois.afilias-srs.net
800,promo,whois.afilias.net
801,properties,whois.nic.properties
802,property,whois.uniregistry.net
803,protection,whois.nic.protection
804,pt,whois.dns.pt
805,pub,whois.nic.pub
806,pw,whois.nic.pw
807,pwc,whois.afilias-srs.net
808,qa,whois.registry.qa
809,quebec,whois.nic.quebec
810,quest,whois.nic.quest
811,racing,whois.nic.racing
812,radio,whois.nic.radio
813,raid,whois.nic.raid
814,re,whois.nic.re
815,read,whois.nic.read
816,realestate,whois.nic.realestate
817,realty,whois.nic.realty
818,recipes,whois.nic.recipes
819,red,whois.afilias.net
820,redstone,whois.nic.redstone
821,redumbrella,whois.afilias-srs.net
822,rehab,whois.nic.rehab
823,reise,whois.nic.reise
824,reisen,whois.nic.reisen
825,reit,whois.nic.reit
826,reliance,whois.nic.reliance
827,ren,whois.nic.ren
828,rent,whois.nic.rent
829,rentals,whois.nic.rentals
830,repair,whois.nic.repair
831,report,whois.nic.report
832,republican,whois.nic.republican
833,rest,whois.nic.rest
834,restaurant,whois.nic.restaurant
835,review,whois.nic.review
836,reviews,whois.nic.reviews
837,rexroth,whois.nic.rexroth
838,rich,whois.afilias-srs.net
839,richardli,whois.nic.richardli
840,ricoh,whois.nic.ricoh
841,ril,whois.nic.ril
842,rio,whois.gtlds.nic.br
843,rip,whois.nic.rip
844,rmit,whois.nic.rmit
845,ro,whois.rotld.ro
846,rocks,whois.nic.rocks
847,rodeo,whois.nic.rodeo
848,rogers,whois.afilias-srs.net
849,room,whois.nic.room
850,rs,whois.rnids.rs
851,rsvp,whois.nic.google
852,ru,whois.tcinet.ru
853,rugby,whois.nic.rugby
854,ruhr,whois.nic.ruhr
855,run,whois.nic.run
856,rwe,whois.nic.rwe
857,ryukyu,whois.nic.ryukyu
858,sa,whois.nic.net.sa
859,saarland,whois.nic.saarland
860,safe,whois.nic.safe
861,safety,whois.nic.safety
862,sale,whois.nic.sale
863,salon,whois.nic.salon
864,samsclub,whois.nic.samsclub
865,samsung,whois.nic.samsung
866,sandvik,whois.nic.sandvik
867,sandvikcoromant,whois.nic.sandvikcoromant
868,sanofi,whois.nic.sanofi
869,sap,whois.nic.sap
870,sarl,whois.nic.sarl
871,save,whois.nic.save
872,saxo,whois.nic.saxo
873,sb,whois.nic.net.sb
874,sbi,whois.nic.sbi
875,sbs,whois.nic.sbs
876,sc,whois2.afilias-grs.net
877,sca,whois.nic.sca
878,scb,whois.nic.scb
879,schaeffler,whois.afilias-srs.net
880,schmidt,whois.nic.schmidt
881,scholarships,whois.nic.scholarships
882,school,whois.nic.school
883,schule,whois.nic.schule
884,schwarz,whois.nic.schwarz
885,science,whois.nic.science
886,scjohnson,whois.nic.scjohnson
887,scot,whois.nic.scot
888,se,whois.iis.se
889,search,whois.nic.google
890,seat,whois.nic.seat
891,secure,whois.nic.secure
892,security,whois.nic.security
893,seek,whois.nic.seek
894,select,whois.nic.select
895,services,whois.nic.services
896,ses,whois.nic.ses
897,seven,whois.nic.seven
898,sew,whois.afilias-srs.net
899,sex,whois.registrar.adult
900,sexy,whois.uniregistry.net
901,sfr,whois.nic.sfr
902,sg,whois.sgnic.sg
903,sh,whois.nic.sh
904,shangrila,whois.nic.shangrila
905,sharp,whois.nic.gmo
906,shaw,whois.afilias-srs.net
907,shell,whois.nic.shell
908,shia,whois.nic.shia
909,shiksha,whois.afilias.net
910,shoes,whois.nic.shoes
911,shop,whois.nic.shop
912,shopping,whois.nic.shopping
913,shouji,whois.teleinfo.cn
914,show,whois.nic.show
915,showtime,whois.afilias-srs.net
916,si,whois.register.si
917,silk,whois.nic.silk
918,sina,whois.nic.sina
919,singles,whois.nic.singles
920,site,whois.nic.site
921,sk,whois.sk-nic.sk
922,ski,whois.afilias.net
923,skin,whois.nic.skin
924,sky,whois.nic.sky
925,sling,whois.nic.sling
926,sm,whois.nic.sm
927,smart,whois.nic.smart
928,smile,whois.nic.smile
929,sn,whois.nic.sn
930,sncf,whois.nic.sncf
931,so,whois.nic.so
932,soccer,whois.nic.soccer
933,social,whois.nic.social
934,softbank,whois.nic.softbank
935,software,whois.nic.software
936,solar,whois.nic.solar
937,solutions,whois.nic.solutions
938,sony,whois.nic.sony
939,soy,whois.nic.google
940,spa,whois.afilias-srs.net
941,space,whois.nic.space
942,sport,whois.nic.sport
943,spot,whois.nic.spot
944,spreadbetting,whois.nic.spreadbetting
945,srl,whois.afilias-srs.net
946,ss,whois.nic.ss
947,st,whois.nic.st
948,stada,whois.afilias-srs.net
949,star,whois.nic.star
950,statebank,whois.nic.statebank
951,stc,whois.nic.stc
952,stcgroup,whois.nic.stcgroup
953,stockholm,whois.afilias-srs.net
954,storage,whois.nic.storage
955,store,whois.nic.store
956,stream,whois.nic.stream
957,studio,whois.nic.studio
958,study,whois.nic.study
959,style,whois.nic.style
960,su,whois.tcinet.ru
961,sucks,whois.nic.sucks
962,supplies,whois.nic.supplies
963,supply,whois.nic.supply
964,support,whois.nic.support
965,surf,whois.nic.surf
966,surgery,whois.nic.surgery
967,suzuki,whois.nic.suzuki
968,swatch,whois.nic.swatch
969,swiss,whois.nic.swiss
970,sx,whois.sx
971,sy,whois.tld.sy
972,sydney,whois.nic.sydney
973,systems,whois.nic.systems
974,tab,whois.nic.tab
975,taipei,whois.nic.taipei
976,talk,whois.nic.talk
977,tatamotors,whois.nic.tatamotors
978,tatar,whois.nic.tatar
979,tattoo,whois.uniregistry.net
980,tax,whois.nic.tax
981,taxi,whois.nic.taxi
982,tc,whois.nic.tc
983,tci,whois.nic.tci
984,td,whois.nic.td
985,tdk,whois.nic.tdk
986,team,whois.nic.team
987,tech,whois.nic.tech
988,technology,whois.nic.technology
989,tel,whois.nic.tel
990,temasek,whois.afilias-srs.net
991,tennis,whois.nic.tennis
992,teva,whois.nic.teva
993,tf,whois.nic.tf
994,tg,whois.nic.tg
995,th,whois.thnic.co.th
996,thd,whois.nic.thd
997,theater,whois.nic.theater
998,theatre,whois.nic.theatre
999,tiaa,whois.nic.tiaa
1000,tickets,whois.nic.tickets
1001,tienda,whois.nic.tienda
1002,tiffany,whois.nic.tiffany
1003,tips,whois.nic.tips
1004,tires,whois.nic.tires
1005,tirol,whois.nic.tirol
1006,tk,whois.dot.tk
1007,tl,whois.nic.tl
1008,tm,whois.nic.tm
1009,tn,whois.ati.tn
1010,to,whois.tonic.to
1011,today,whois.nic.today
1012,tokyo,whois.nic.tokyo
1013,tools,whois.nic.tools
1014,top,whois.nic.top
1015,toray,whois.nic.toray
1016,toshiba,whois.nic.toshiba
1017,total,whois.nic.total
1018,tours,whois.nic.tours
1019,town,whois.nic.town
1020,toyota,whois.nic.toyota
1021,toys,whois.nic.toys
1022,tr,whois.nic.tr
1023,trade,whois.nic.trade
1024,trading,whois.nic.trading
1025,training,whois.nic.training
1026,travel,whois.nic.travel
1027,travelchannel,whois.nic.travelchannel
1028,travelers,whois.afilias-srs.net
1029,travelersinsurance,whois.afilias-srs.net
1030,trust,whois.nic.trust
1031,trv,whois.afilias-srs.net
1032,tui,whois.nic.tui
1033,tunes,whois.nic.tunes
1034,tushu,whois.nic.tushu
1035,tv,tvwhois.verisign-grs.com
1036,tvs,whois.nic.tvs
1037,tw,whois.twnic.net.tw
1038,tz,whois.tznic.or.tz
1039,ua,whois.ua
1040,ubank,whois.nic.ubank
1041,ubs,whois.nic.ubs
1042,ug,whois.co.ug
1043,uk,whois.nic.uk
1044,unicom,whois.nic.unicom
1045,university,whois.nic.university
1046,uno,whois.nic.uno
1047,uol,whois.gtlds.nic.br
1048,ups,whois.nic.ups
1049,us,whois.nic.us
1050,uy,whois.nic.org.uy
1051,uz,whois.cctld.uz
1052,vacations,whois.nic.vacations
1053,vana,whois.nic.vana
1054,vanguard,whois.nic.vanguard
1055,vc,whois2.afilias-grs.net
1056,ve,whois.nic.ve
1057,vegas,whois.afilias-srs.net
1058,ventures,whois.nic.ventures
1059,verisign,whois.nic.verisign
1060,versicherung,whois.nic.versicherung
1061,vet,whois.nic.vet
1062,vg,whois.nic.vg
1063,viajes,whois.nic.viajes
1064,video,whois.nic.video
1065,vig,whois.afilias-srs.net
1066,viking,whois.afilias-srs.net
1067,villas,whois.nic.villas
1068,vin,whois.nic.vin
1069,vip,whois.nic.vip
1070,virgin,whois.nic.virgin
1071,visa,whois.nic.visa
1072,vision,whois.nic.vision
1073,viva,whois.nic.viva
1074,vlaanderen,whois.nic.vlaanderen
1075,vodka,whois.nic.vodka
1076,volkswagen,whois.afilias-srs.net
1077,volvo,whois.nic.volvo
1078,vote,whois.afilias.net
1079,voting,whois.nic.voting
1080,voto,whois.afilias.net
1081,voyage,whois.nic.voyage
1082,vu,whois.dnrs.neustar
1083,wales,whois.nic.wales
1084,walmart,whois.nic.walmart
1085,walter,whois.nic.walter
1086,wang,whois.gtld.knet.cn
1087,wanggou,whois.nic.wanggou
1088,watch,whois.nic.watch
1089,watches,whois.nic.watches
1090,webcam,whois.nic.webcam
1091,weber,whois.nic.weber
1092,website,whois.nic.website
1093,wed,whois.nic.wed
1094,wedding,whois.nic.wedding
1095,weibo,whois.nic.weibo
1096,wf,whois.nic.wf
1097,whoswho,whois.nic.whoswho
1098,wien,whois.nic.wien
1099,wiki,whois.nic.wiki
1100,win,whois.nic.win
1101,wine,whois.nic.wine
1102,wme,whois.nic.wme
1103,wolterskluwer,whois.nic.wolterskluwer
1104,woodside,whois.nic.woodside
1105,work,whois.nic.work
1106,works,whois.nic.works
1107,world,whois.nic.world
1108,wow,whois.nic.wow
1109,ws,whois.website.ws
1110,wtc,whois.nic.wtc
1111,wtf,whois.nic.wtf
1112,xerox,whois.nic.xerox
1113,xfinity,whois.nic.xfinity
1114,xihuan,whois.teleinfo.cn
1115,xin,whois.nic.xin
1116,कॉम,whois.nic.xn--11b4c3d
1117,佛山,whois.ngtld.cn
1118,ಭಾರತ,whois.registry.in
1119,慈善,whois.gtld.knet.cn
1120,集团,whois.gtld.knet.cn
1121,在线,whois.teleinfo.cn
1122,한국,whois.kr
1123,ଭାରତ,whois.registry.in
1124,大众汽车,whois.nic.xn--3oq18vl8pn36a
1125,点看,whois.nic.xn--3pxu8k
1126,คอม,whois.nic.xn--42c2d9a
1127,ভাৰত,whois.registry.in
1128,ভারত,whois.registry.in
1129,八卦,whois.nic.xn--45q11c
1130,‏.موقع‎,whois.afilias-srs.net
1131,公益,whois.conac.cn
1132,公司,whois.ngtld.cn
1133,香格里拉,whois.nic.xn--5su34j936bgsg
1134,网站,whois.nic.xn--5tzm5g
1135,移动,whois.afilias.net
1136,我爱你,whois.gtld.knet.cn
1137,москва,whois.nic.xn--80adxhks
1138,қаз,whois.nic.kz
1139,католик,whois.nic.xn--80aqecdr1a
1140,онлайн,whois.nic.xn--80asehdb
1141,сайт,whois.nic.xn--80aswg
1142,联通,whois.nic.xn--8y0a063a
1143,срб,whois.rnids.rs
1144,бг,whois.imena.bg
1145,бел,whois.cctld.by
1146,‏.קום‎,whois.nic.xn--9dbq2a
1147,时尚,whois.gtld.knet.cn
1148,微博,whois.nic.xn--9krt00a
1149,淡马锡,whois.afilias-srs.net
1150,орг,whois.publicinterestregistry.net
1151,नेट,whois.nic.xn--c2br7g
1152,アマゾン,whois.nic.xn--cckwcxetd
1153,삼성,whois.kr
1154,சிங்கப்பூர்,whois.sgnic.sg
1155,商店,whois.nic.xn--czrs0t
1156,商城,whois.gtld.knet.cn
1157,дети,whois.nic.xn--d1acj3b
1158,мкд,whois.marnet.mk
1159,ею,whois.eu
1160,新闻,whois.nic.xn--efvy88h
1161,‏.كوم‎,whois.nic.xn--fhbei
1162,中文网,whois.teleinfo.cn
1163,中信,whois.gtld.knet.cn
1164,中国,cwhois.cnnic.cn
1165,中國,cwhois.cnnic.cn
1166,娱乐,whois.nic.xn--fjq720a
1167,谷歌,whois.nic.google
1168,భారత్,whois.registry.in
1169,電訊盈科,whois.nic.xn--fzys8d69uvgm
1170,ભારત,whois.registry.in
1171,भारतम्,whois.registry.in
1172,भारत,whois.registry.in
1173,भारोत,whois.registry.in
1174,网店,whois.nic.xn--hxt814e
1175,संगठन,whois.publicinterestregistry.net
1176,网络,whois.ngtld.cn
1177,ком,whois.nic.xn--j1aef
1178,укр,whois.dotukr.com
1179,香港,whois.hkirc.hk
1180,亚马逊,whois.nic.xn--jlq480n2rg
1181,诺基亚,whois.nic.xn--jlq61u9w7b
1182,飞利浦,whois.nic.xn--kcrx77d1x4a
1183,台湾,whois.twnic.net.tw
1184,台灣,whois.twnic.net.tw
1185,手机,whois.nic.xn--kput3i
1186,‏.الجزائر‎,whois.nic.dz
1187,‏.عمان‎,whois.registry.om
1188,‏.ایران‎,whois.nic.ir
1189,‏.العليان‎,whois.nic.xn--mgba7c0bbn0a
1190,‏.اتصالات‎,whois.centralnic.com
1191,‏.امارات‎,whois.aeda.net.ae
1192,‏.بازار‎,whois.nic.xn--mgbab2bd
1193,‏.موريتانيا‎,whois.nic.mr
1194,‏.بارت‎,whois.registry.in
1195,‏.بھارت‎,whois.registry.in
1196,‏.ابوظبي‎,whois.nic.xn--mgbca7dzdo
1197,‏.السعودية‎,whois.nic.net.sa
1198,‏.ڀارت‎,whois.registry.in
1199,‏.كاثوليك‎,whois.nic.xn--mgbi4ecexp
1200,‏.همراه‎,whois.nic.xn--mgbt3dhd
1201,‏.عراق‎,whois.cmc.iq
1202,‏.مليسيا‎,whois.mynic.my
1203,澳門,whois.monic.mo
1204,닷컴,whois.nic.xn--mk1bu44c
1205,政府,whois.nic.xn--mxtq1m
1206,‏.شبكة‎,whois.nic.xn--ngbc5azd
1207,‏.بيتك‎,whois.nic.xn--ngbe9e0a
1208,‏.عرب‎,whois.nic.xn--ngbrx
1209,გე,whois.itdc.ge
1210,机构,whois.publicinterestregistry.net
1211,组织机构,whois.nic.xn--nqv7fs00ema
1212,ไทย,whois.thnic.co.th
1213,‏.سورية‎,whois.tld.sy
1214,рус,whois.nic.xn--p1acf
1215,рф,whois.tcinet.ru
1216,‏.تونس‎,whois.ati.tn
1217,大拿,whois.nic.xn--pssy2u
1218,ລາວ,whois.nic.la
1219,みんな,whois.nic.google
1220,グーグル,whois.nic.google
1221,ευ,whois.eu
1222,ഭാരതം,whois.registry.in
1223,ਭਾਰਤ,whois.registry.in
1224,网址,whois.nic.xn--ses554g
1225,닷넷,whois.nic.xn--t60b56a
1226,コム,whois.nic.xn--tckwe
1227,天主教,whois.nic.xn--tiq49xqyj
1228,游戏,whois.nic.xn--unup4y
1229,vermögensberater,whois.nic.xn--vermgensberater-ctb
1230,vermögensberatung,whois.nic.xn--vermgensberatung-pwb
1231,企业,whois.nic.xn--vhquv
1232,信息,whois.teleinfo.cn
1233,嘉里大酒店,whois.nic.xn--w4r85el8fhu5dnra
1234,嘉里,whois.nic.xn--w4rs40l
1235,‏.قطر‎,whois.registry.qa
1236,广东,whois.ngtld.cn
1237,இந்தியா,whois.registry.in
1238,հայ,whois.amnic.net
1239,新加坡,whois.sgnic.sg
1240,‏.فلسطين‎,whois.pnina.ps
1241,政务,whois.conac.cn
1242,xxx,whois.registrar.adult
1243,xyz,whois.nic.xyz
1244,yachts,whois.afilias-srs.net
1245,yamaxun,whois.nic.yamaxun
1246,yodobashi,whois.nic.gmo
1247,yoga,whois.nic.yoga
1248,yokohama,whois.nic.yokohama
1249,you,whois.nic.you
1250,youtube,whois.nic.google
1251,yt,whois.nic.yt
1252,yun,whois.teleinfo.cn
1253,zappos,whois.nic.zappos
1254,zara,whois.afilias-srs.net
1255,zip,whois.nic.google
1256,zm,whois.zicta.zm
1257,zone,whois.nic.zone
1258,zuerich,whois.nic.zuerich
